{"cameraMode":{"drawMode":0,"name":"Shaded","section":"Shading Mode"},"sceneLighting":false,"audioPlay":false,"sceneViewState":{"showFog":true,"showMaterialUpdate":false,"showSkybox":false,"showFlares":true,"showImageEffects":true,"showParticleSystems":true},"in2DMode":false,"pivot":{"x":-57.93000793457031,"y":-0.17337605357170106,"z":32.470001220703128},"rotation":{"x":0.3317853510379791,"y":-0.07509226351976395,"z":0.026500264182686807,"w":0.9399880170822144},"size":15.764200210571289,"orthographic":false}