{"cameraMode":{"drawMode":0,"name":"Shaded","section":"Shading Mode"},"sceneLighting":false,"audioPlay":false,"sceneViewState":{"showFog":true,"showMaterialUpdate":false,"showSkybox":false,"showFlares":true,"showImageEffects":true,"showParticleSystems":true},"in2DMode":false,"pivot":{"x":-73.82398986816406,"y":-22.03488540649414,"z":206.18533325195313},"rotation":{"x":0.42236652970314028,"y":-0.4584474563598633,"z":0.2630501687526703,"w":0.7363675236701965},"size":43.9215087890625,"orthographic":false}