{"cameraMode":{"drawMode":0,"name":"Shaded","section":"Shading Mode"},"sceneLighting":false,"audioPlay":false,"sceneViewState":{"showFog":true,"showMaterialUpdate":false,"showSkybox":false,"showFlares":true,"showImageEffects":true,"showParticleSystems":true},"in2DMode":false,"pivot":{"x":0.047766685485839847,"y":1.853344202041626,"z":0.0},"rotation":{"x":0.08910473436117172,"y":-0.814838171005249,"z":0.13015790283679963,"w":0.5578156113624573},"size":6.378206253051758,"orthographic":false}