{"cameraMode":{"drawMode":0,"name":"Shaded","section":"Shading Mode"},"sceneLighting":false,"audioPlay":false,"sceneViewState":{"showFog":true,"showMaterialUpdate":false,"showSkybox":false,"showFlares":true,"showImageEffects":true,"showParticleSystems":true},"in2DMode":false,"pivot":{"x":-0.000005543231964111328,"y":-0.14372503757476808,"z":0.0},"rotation":{"x":-0.0433594211935997,"y":-0.9068744778633118,"z":0.09639721363782883,"w":-0.407929390668869},"size":2.320014476776123,"orthographic":false}