{"cameraMode":{"drawMode":0,"name":"Shaded","section":"Shading Mode"},"sceneLighting":true,"audioPlay":false,"sceneViewState":{"showFog":true,"showMaterialUpdate":false,"showSkybox":true,"showFlares":true,"showImageEffects":true,"showParticleSystems":true},"in2DMode":false,"pivot":{"x":123.30000305175781,"y":7.900000095367432,"z":80.30000305175781},"rotation":{"x":-0.14736714959144593,"y":-0.33818989992141726,"z":0.05370979383587837,"w":-0.9279147982597351},"size":28.356422424316408,"orthographic":true}