{"cameraMode":{"drawMode":0,"name":"Shaded","section":"Shading Mode"},"sceneLighting":false,"audioPlay":false,"sceneViewState":{"showFog":true,"showMaterialUpdate":false,"showSkybox":false,"showFlares":true,"showImageEffects":true,"showParticleSystems":true},"in2DMode":false,"pivot":{"x":-0.007777214050292969,"y":-0.31537115573883059,"z":0.0006043314933776856},"rotation":{"x":0.18366634845733643,"y":-0.6230838894844055,"z":0.15365199744701386,"w":0.7445966601371765},"size":4.7909159660339359,"orthographic":false}