{"cameraMode":{"drawMode":0,"name":"Shaded","section":"Shading Mode"},"sceneLighting":false,"audioPlay":false,"sceneViewState":{"showFog":true,"showMaterialUpdate":false,"showSkybox":false,"showFlares":true,"showImageEffects":true,"showParticleSystems":true},"in2DMode":false,"pivot":{"x":0.0004124641418457031,"y":0.05887192487716675,"z":0.05354166030883789},"rotation":{"x":0.18366634845733643,"y":-0.6230838894844055,"z":0.15365199744701386,"w":0.7445966601371765},"size":8.152741432189942,"orthographic":false}