{"cameraMode":{"drawMode":0,"name":"Shaded","section":"Shading Mode"},"sceneLighting":false,"audioPlay":false,"sceneViewState":{"showFog":true,"showMaterialUpdate":false,"showSkybox":false,"showFlares":true,"showImageEffects":true,"showParticleSystems":true},"in2DMode":false,"pivot":{"x":0.009037017822265625,"y":0.25948381423950198,"z":0.2323765754699707},"rotation":{"x":0.030066369101405145,"y":0.12483742088079453,"z":-0.0038158476818352939,"w":0.9917141795158386},"size":4.655699253082275,"orthographic":false}