{"cameraMode":{"drawMode":0,"name":"Shaded","section":"Shading Mode"},"sceneLighting":false,"audioPlay":false,"sceneViewState":{"showFog":true,"showMaterialUpdate":false,"showSkybox":false,"showFlares":true,"showImageEffects":true,"showParticleSystems":true},"in2DMode":false,"pivot":{"x":1.8700000047683716,"y":2.8585705757141115,"z":27.119701385498048},"rotation":{"x":-0.025829531252384187,"y":0.9742066860198975,"z":-0.1580241471529007,"w":-0.15900518000125886},"size":4.034664630889893,"orthographic":false}