{"cameraMode":{"drawMode":0,"name":"Shaded","section":"Shading Mode"},"sceneLighting":true,"audioPlay":false,"sceneViewState":{"showFog":true,"showMaterialUpdate":false,"showSkybox":false,"showFlares":true,"showImageEffects":true,"showParticleSystems":true},"in2DMode":false,"pivot":{"x":3.6435697078704836,"y":15.864409446716309,"z":-15.461387634277344},"rotation":{"x":0.14050240814685822,"y":-0.44214752316474917,"z":0.07040750235319138,"w":0.8830671310424805},"size":13.26904010772705,"orthographic":false}