{"cameraMode":{"drawMode":0,"name":"Shaded","section":"Shading Mode"},"sceneLighting":false,"audioPlay":false,"sceneViewState":{"showFog":true,"showMaterialUpdate":false,"showSkybox":false,"showFlares":true,"showImageEffects":true,"showParticleSystems":true},"in2DMode":false,"pivot":{"x":0.0,"y":7.999999046325684,"z":0.00004343987529864535},"rotation":{"x":-0.08340267837047577,"y":0.8597831130027771,"z":-0.4812740981578827,"w":-0.14897044003009797},"size":59.03219223022461,"orthographic":false}