{"cameraMode":{"drawMode":0,"name":"Shaded","section":"Shading Mode"},"sceneLighting":false,"audioPlay":false,"sceneViewState":{"showFog":true,"showMaterialUpdate":false,"showSkybox":false,"showFlares":true,"showImageEffects":true,"showParticleSystems":true},"in2DMode":false,"pivot":{"x":0.0,"y":5.999999523162842,"z":1.1920928955078126e-7},"rotation":{"x":0.0260972548276186,"y":-0.9694944024085999,"z":0.11867550015449524,"w":0.21287491917610169},"size":33.164615631103519,"orthographic":false}