{"cameraMode":{"drawMode":0,"name":"Shaded","section":"Shading Mode"},"sceneLighting":false,"audioPlay":false,"sceneViewState":{"showFog":true,"showMaterialUpdate":false,"showSkybox":false,"showFlares":true,"showImageEffects":true,"showParticleSystems":true},"in2DMode":false,"pivot":{"x":-0.0000152587890625,"y":1.4250922203063965,"z":0.0000152587890625},"rotation":{"x":0.01085325051099062,"y":0.7905970811843872,"z":-0.6120796799659729,"w":0.014038369990885258},"size":196.4111328125,"orthographic":false}