{"cameraMode":{"drawMode":0,"name":"Shaded","section":"Shading Mode"},"sceneLighting":false,"audioPlay":false,"sceneViewState":{"showFog":true,"showMaterialUpdate":false,"showSkybox":false,"showFlares":true,"showImageEffects":true,"showParticleSystems":true},"in2DMode":false,"pivot":{"x":-6.711548328399658,"y":0.8380537033081055,"z":0.012177109718322754},"rotation":{"x":0.1042516753077507,"y":-0.5758486390113831,"z":0.0743451789021492,"w":0.8074668645858765},"size":5.243218898773193,"orthographic":false}