{"cameraMode":{"drawMode":0,"name":"Shaded","section":"Shading Mode"},"sceneLighting":false,"audioPlay":false,"sceneViewState":{"showFog":true,"showMaterialUpdate":false,"showSkybox":false,"showFlares":true,"showImageEffects":true,"showParticleSystems":true},"in2DMode":false,"pivot":{"x":0.013102531433105469,"y":0.46314144134521487,"z":0.03632175922393799},"rotation":{"x":0.18366634845733643,"y":-0.6230838894844055,"z":0.15365199744701386,"w":0.7445966601371765},"size":12.347684860229493,"orthographic":false}