{"cameraMode":{"drawMode":0,"name":"Shaded","section":"Shading Mode"},"sceneLighting":true,"audioPlay":false,"sceneViewState":{"showFog":true,"showMaterialUpdate":false,"showSkybox":false,"showFlares":true,"showImageEffects":true,"showParticleSystems":true},"in2DMode":false,"pivot":{"x":400.36474609375,"y":9.521700859069825,"z":146.71807861328126},"rotation":{"x":0.32283103466033938,"y":0.6037852764129639,"z":-0.29192477464675906,"w":0.6678348779678345},"size":7.105565547943115,"orthographic":false}