{"cameraMode":{"drawMode":0,"name":"Shaded","section":"Shading Mode"},"sceneLighting":false,"audioPlay":false,"sceneViewState":{"showFog":true,"showMaterialUpdate":false,"showSkybox":false,"showFlares":true,"showImageEffects":true,"showParticleSystems":true},"in2DMode":false,"pivot":{"x":-0.11034482717514038,"y":0.5146192908287048,"z":-0.15688395500183106},"rotation":{"x":-0.15463028848171235,"y":-0.6977906227111816,"z":0.6812418699264526,"w":-0.15838973224163056},"size":2.5929312705993654,"orthographic":false}