{"cameraMode":{"drawMode":0,"name":"Shaded","section":"Shading Mode"},"sceneLighting":false,"audioPlay":false,"sceneViewState":{"showFog":true,"showMaterialUpdate":false,"showSkybox":false,"showFlares":true,"showImageEffects":true,"showParticleSystems":true},"in2DMode":false,"pivot":{"x":-12.17273998260498,"y":8.33296012878418,"z":19.49959945678711},"rotation":{"x":-0.025829531252384187,"y":0.9742066860198975,"z":-0.1580241471529007,"w":-0.15900518000125886},"size":13.174656867980957,"orthographic":false}