{"cameraMode":{"drawMode":0,"name":"Shaded","section":"Shading Mode"},"sceneLighting":true,"audioPlay":false,"sceneViewState":{"showFog":true,"showMaterialUpdate":false,"showSkybox":true,"showFlares":true,"showImageEffects":true,"showParticleSystems":true},"in2DMode":false,"pivot":{"x":135.89999389648438,"y":1.6629998683929444,"z":75.0999984741211},"rotation":{"x":0.23333808779716493,"y":-0.47483566403388979,"z":0.13218234479427339,"w":0.8382197618484497},"size":16.94157600402832,"orthographic":true}