{"cameraMode":{"drawMode":0,"name":"Shaded","section":"Shading Mode"},"sceneLighting":false,"audioPlay":false,"sceneViewState":{"showFog":true,"showMaterialUpdate":false,"showSkybox":false,"showFlares":true,"showImageEffects":true,"showParticleSystems":true},"in2DMode":false,"pivot":{"x":2.384185791015625e-7,"y":1.035253882408142,"z":1.1920928955078126e-7},"rotation":{"x":-0.10998674482107163,"y":0.0578368678689003,"z":-0.006417819298803806,"w":-0.9922281503677368},"size":4.150948524475098,"orthographic":false}