{"cameraMode":{"drawMode":0,"name":"Shaded","section":"Shading Mode"},"sceneLighting":false,"audioPlay":false,"sceneViewState":{"showFog":true,"showMaterialUpdate":false,"showSkybox":false,"showFlares":true,"showImageEffects":true,"showParticleSystems":true},"in2DMode":false,"pivot":{"x":0.000050067901611328125,"y":0.5717888474464417,"z":-0.165391206741333},"rotation":{"x":0.3146929144859314,"y":-0.35546940565109255,"z":0.12845423817634583,"w":0.8706948161125183},"size":6.327021598815918,"orthographic":false}