{"cameraMode":{"drawMode":0,"name":"Shaded","section":"Shading Mode"},"sceneLighting":false,"audioPlay":false,"sceneViewState":{"showFog":true,"showMaterialUpdate":false,"showSkybox":false,"showFlares":true,"showImageEffects":true,"showParticleSystems":true},"in2DMode":false,"pivot":{"x":387.3331298828125,"y":10.658918380737305,"z":180.09979248046876},"rotation":{"x":-0.12088707834482193,"y":0.5655796527862549,"z":-0.08426819741725922,"w":-0.8114215135574341},"size":20.83637046813965,"orthographic":false}