{"cameraMode":{"drawMode":0,"name":"Shaded","section":"Shading Mode"},"sceneLighting":true,"audioPlay":false,"sceneViewState":{"showFog":true,"showMaterialUpdate":false,"showSkybox":true,"showFlares":true,"showImageEffects":true,"showParticleSystems":true},"in2DMode":false,"pivot":{"x":377.9744567871094,"y":9.161994934082032,"z":170.86334228515626},"rotation":{"x":-0.12047772854566574,"y":0.4039178490638733,"z":-0.05375169590115547,"w":-0.9052327275276184},"size":16.02609634399414,"orthographic":false}