{"cameraMode":{"drawMode":0,"name":"Shaded","section":"Shading Mode"},"sceneLighting":false,"audioPlay":false,"sceneViewState":{"showFog":true,"showMaterialUpdate":false,"showSkybox":false,"showFlares":true,"showImageEffects":true,"showParticleSystems":true},"in2DMode":false,"pivot":{"x":0.6910820007324219,"y":-0.6935486793518066,"z":8.250022888183594},"rotation":{"x":0.19137319922447205,"y":0.3759935796260834,"z":-0.07967247068881989,"w":0.9031375646591187},"size":63.99848937988281,"orthographic":false}