{"cameraMode":{"drawMode":0,"name":"Shaded","section":"Shading Mode"},"sceneLighting":false,"audioPlay":false,"sceneViewState":{"showFog":true,"showMaterialUpdate":false,"showSkybox":false,"showFlares":true,"showImageEffects":true,"showParticleSystems":true},"in2DMode":false,"pivot":{"x":1.2187838554382325,"y":1.6522208452224732,"z":-3.4896597862243654},"rotation":{"x":-0.0877077579498291,"y":0.09101267904043198,"z":0.00804744940251112,"w":0.9919472932815552},"size":-0.24922066926956178,"orthographic":false}