{"cameraMode":{"drawMode":0,"name":"Shaded","section":"Shading Mode"},"sceneLighting":false,"audioPlay":false,"sceneViewState":{"showFog":true,"showMaterialUpdate":false,"showSkybox":false,"showFlares":true,"showImageEffects":true,"showParticleSystems":true},"in2DMode":false,"pivot":{"x":0.2684159278869629,"y":1.8459079265594483,"z":0.7506405115127564},"rotation":{"x":0.002689566696062684,"y":-0.015587358735501767,"z":-0.000043394244130467996,"w":-0.9998748898506165},"size":9.043683052062989,"orthographic":false}