{"cameraMode":{"drawMode":0,"name":"Shaded","section":"Shading Mode"},"sceneLighting":false,"audioPlay":false,"sceneViewState":{"showFog":true,"showMaterialUpdate":false,"showSkybox":false,"showFlares":true,"showImageEffects":true,"showParticleSystems":true},"in2DMode":false,"pivot":{"x":-82.3299560546875,"y":68.90480041503906,"z":-36.49203872680664},"rotation":{"x":0.08810776472091675,"y":0.6537287831306458,"z":-0.07704214006662369,"w":0.747623085975647},"size":71.46234893798828,"orthographic":false}