{"cameraMode":{"drawMode":0,"name":"Shaded","section":"Shading Mode"},"sceneLighting":false,"audioPlay":false,"sceneViewState":{"showFog":true,"showMaterialUpdate":false,"showSkybox":false,"showFlares":true,"showImageEffects":true,"showParticleSystems":true},"in2DMode":false,"pivot":{"x":-2.9820964336395265,"y":1.6896898746490479,"z":11.561982154846192},"rotation":{"x":-0.2836865782737732,"y":-0.5593479871749878,"z":0.21169565618038178,"w":-0.7495577931404114},"size":2.5446202754974367,"orthographic":false}