{"cameraMode":{"drawMode":0,"name":"Shaded","section":"Shading Mode"},"sceneLighting":false,"audioPlay":false,"sceneViewState":{"showFog":true,"showMaterialUpdate":false,"showSkybox":false,"showFlares":true,"showImageEffects":true,"showParticleSystems":true},"in2DMode":false,"pivot":{"x":0.010301724076271057,"y":0.10678055137395859,"z":-0.6001330018043518},"rotation":{"x":-0.03388386219739914,"y":0.9044182300567627,"z":-0.4189625680446625,"w":-0.0731438621878624},"size":0.5155702233314514,"orthographic":false}