{"cameraMode":{"drawMode":0,"name":"Shaded","section":"Shading Mode"},"sceneLighting":false,"audioPlay":false,"sceneViewState":{"showFog":true,"showMaterialUpdate":false,"showSkybox":false,"showFlares":true,"showImageEffects":true,"showParticleSystems":true},"in2DMode":false,"pivot":{"x":0.0009002164006233215,"y":0.136601060628891,"z":-0.26375842094421389},"rotation":{"x":-0.15690089762210847,"y":-0.3453601002693176,"z":0.05868319794535637,"w":-0.9233984351158142},"size":0.543591320514679,"orthographic":false}