{"cameraMode":{"drawMode":0,"name":"Shaded","section":"Shading Mode"},"sceneLighting":false,"audioPlay":false,"sceneViewState":{"showFog":true,"showMaterialUpdate":false,"showSkybox":false,"showFlares":true,"showImageEffects":true,"showParticleSystems":true},"in2DMode":false,"pivot":{"x":-4.991888999938965e-7,"y":0.0,"z":0.1646924614906311},"rotation":{"x":-0.055329348891973498,"y":0.1266859620809555,"z":-0.007077113259583712,"w":-0.9903733134269714},"size":6.924873352050781,"orthographic":false}