{"cameraMode":{"drawMode":0,"name":"Shaded","section":"Shading Mode"},"sceneLighting":false,"audioPlay":false,"sceneViewState":{"showFog":true,"showMaterialUpdate":false,"showSkybox":false,"showFlares":true,"showImageEffects":true,"showParticleSystems":true},"in2DMode":false,"pivot":{"x":-26.20116424560547,"y":2.242262840270996,"z":39.015159606933597},"rotation":{"x":-0.4951956570148468,"y":-0.4714764356613159,"z":0.3718520402908325,"w":-0.6278672814369202},"size":4.674317836761475,"orthographic":false}